{
  "metrics": null,
  "test_metrics": {
    "dcg": [
      90.09497072532209,
      20.202595225527244
    ],
    "dcg@03": [
      5.302745642368822,
      3.5999911674804608
    ],
    "dcg@05": [
      7.287795773552591,
      4.189679707242746
    ],
    "dcg@10": [
      11.380042491045886,
      5.588304802408982
    ],
    "dcg@20": [
      17.65640804600989,
      7.790842638227044
    ],
    "ndcg": [
      0.6961938980582717,
      0.05671423279304451
    ],
    "ndcg@03": [
      0.19550967557875618,
      0.15582076663053382
    ],
    "ndcg@05": [
      0.2012607759616078,
      0.13326685083953024
    ],
    "ndcg@10": [
      0.2274769237274143,
      0.12413579050344961
    ],
    "ndcg@20": [
      0.26387148148729606,
      0.11761486881540628
    ],
    "precision@01": [
      0.1111111111111111,
      0.31426968052735443
    ],
    "precision@03": [
      0.1282051282051282,
      0.2083086770419477
    ],
    "precision@05": [
      0.12307692307692308,
      0.1608655091421346
    ],
    "precision@10": [
      0.1316239316239316,
      0.1453845902611313
    ],
    "precision@20": [
      0.1329059829059829,
      0.12594300589328336
    ],
    "recall@01": [
      0.005626756443749908,
      0.02028631559274039
    ],
    "recall@03": [
      0.01673912514987247,
      0.03808870571608364
    ],
    "recall@05": [
      0.024945312087131077,
      0.04221054034380351
    ],
    "recall@10": [
      0.052014737529660494,
      0.06335404264907844
    ],
    "recall@20": [
      0.10022498218175702,
      0.08411779735728922
    ],
    "relevant rank": [
      116.4613085353703,
      73.81622013383655
    ],
    "relevant rank per query": [
      2997.136752136752,
      1412.737210433454
    ]
  },
  "test_query_level_metrics": {
    "ndcg": [
      0.7586752448473916,
      0.650579728899464,
      0.6909646365473537,
      0.7015475791624043,
      0.7546554053707862,
      0.6565827021073798,
      0.6829250373532201,
      0.7218400206031768,
      0.7673340178624525,
      0.5389436314217124,
      0.7329619402708548,
      0.6319135970636709,
      0.8199675862919372,
      0.6957827376327783,
      0.7319697539649188,
      0.6665643788869611,
      0.6903838144905415,
      0.6886291675722652,
      0.7620409750632843,
      0.657176983683263,
      0.6427972447005349,
      0.7368115329290127,
      0.8444986021773059,
      0.7913506186060401,
      0.5780322955886553,
      0.840062226372193,
      0.7548781913551286,
      0.6683833710387345,
      0.6683438703025051,
      0.6712369460106253,
      0.654483784732164,
      0.7180585605164213,
      0.8283591539777965,
      0.7510814968303604,
      0.6533238193303554,
      0.6854112565491347,
      0.7060537175803683,
      0.6311678700051674,
      0.7079346578896425,
      0.6749512964005644,
      0.7113645593892023,
      0.6933992499252114,
      0.6972091852382535,
      0.751638635478251,
      0.6486158115504644,
      0.6386222931256347,
      0.7154990660945577,
      0.7004142741201905,
      0.6975262078477616,
      0.5919187404138083,
      0.8168158908136808,
      0.7243711062942642,
      0.6403869625357328,
      0.6516857434892444,
      0.7540187903041561,
      0.671219556714888,
      0.7204957590091372,
      0.6787194959195926,
      0.7606859522466106,
      0.6640166971519444,
      0.6669314276094431,
      0.6974744609153205,
      0.6413350649333707,
      0.7202510034851157,
      0.6868308673494017,
      0.7653736662995606,
      0.7657672636260242,
      0.6718788932497566,
      0.6898497815280042,
      0.66605275138738,
      0.7370842721035292,
      0.6830162382368961,
      0.6648301294198232,
      0.7440795251715299,
      0.6826917176018688,
      0.7574086593363883,
      0.7139383894162317,
      0.6313629016498858,
      0.6610807056404501,
      0.7079061333068892,
      0.6338894448103877,
      0.770156250817589,
      0.7213075670061834,
      0.594495054011488,
      0.7528050002229038,
      0.6600436470673512,
      0.5938167514597534,
      0.5710328477439273,
      0.7816752808162011,
      0.7448507980418465,
      0.6870800376899098,
      0.7267404532205468,
      0.7201735234428952,
      0.6649506828991034,
      0.7332218050589187,
      0.6599427950115979,
      0.7158171226191705,
      0.6833406018888366,
      0.6265024029916697,
      0.663028215409744,
      0.6172112565824465,
      0.7305400313012418,
      0.615209840797401,
      0.7222645682241995,
      0.6437166319033426,
      0.7145569704708851,
      0.7101955934212614,
      0.6417034184764199,
      0.6890496624681096,
      0.6511082859289907,
      0.6713267876562512,
      0.706859911083288,
      0.6354858924495236,
      0.657624875906815,
      0.8276120541751237,
      0.7077593693058807,
      0.7151633585186119
    ],
    "precision@05": [
      0.2,
      0.0,
      0.0,
      0.0,
      0.4,
      0.0,
      0.0,
      0.2,
      0.0,
      0.0,
      0.2,
      0.4,
      0.4,
      0.4,
      0.0,
      0.0,
      0.2,
      0.2,
      0.2,
      0.0,
      0.2,
      0.0,
      0.4,
      0.0,
      0.0,
      0.6,
      0.0,
      0.0,
      0.4,
      0.0,
      0.0,
      0.0,
      0.2,
      0.2,
      0.0,
      0.0,
      0.2,
      0.0,
      0.0,
      0.0,
      0.4,
      0.2,
      0.2,
      0.4,
      0.0,
      0.0,
      0.2,
      0.0,
      0.2,
      0.0,
      0.6,
      0.2,
      0.0,
      0.0,
      0.2,
      0.0,
      0.2,
      0.0,
      0.0,
      0.0,
      0.0,
      0.0,
      0.0,
      0.4,
      0.0,
      0.2,
      0.4,
      0.4,
      0.0,
      0.0,
      0.0,
      0.0,
      0.2,
      0.2,
      0.0,
      0.4,
      0.2,
      0.0,
      0.0,
      0.0,
      0.0,
      0.4,
      0.2,
      0.2,
      0.4,
      0.2,
      0.0,
      0.0,
      0.2,
      0.2,
      0.0,
      0.4,
      0.0,
      0.0,
      0.2,
      0.0,
      0.0,
      0.0,
      0.0,
      0.0,
      0.0,
      0.4,
      0.0,
      0.0,
      0.0,
      0.2,
      0.4,
      0.0,
      0.0,
      0.0,
      0.0,
      0.2,
      0.0,
      0.0,
      0.4,
      0.2,
      0.0
    ],