{
  "metrics": null,
  "test_metrics": {
    "dcg": [
      90.08622492781807,
      20.213210872646115
    ],
    "dcg@03": [
      5.302745642368822,
      3.5999911674804608
    ],
    "dcg@05": [
      7.285173839741719,
      4.189059250414038
    ],
    "dcg@10": [
      11.376809669831676,
      5.588046069783436
    ],
    "dcg@20": [
      17.662816759668175,
      7.810543357649779
    ],
    "ndcg": [
      0.696097100152767,
      0.05678165056674059
    ],
    "ndcg@03": [
      0.19550967557875618,
      0.15582076663053382
    ],
    "ndcg@05": [
      0.20118294294271025,
      0.1332408531252051
    ],
    "ndcg@10": [
      0.22740484676891617,
      0.12411476019834698
    ],
    "ndcg@20": [
      0.2639368072287657,
      0.11777703591824558
    ],
    "precision@01": [
      0.1111111111111111,
      0.31426968052735443
    ],
    "precision@03": [
      0.1282051282051282,
      0.2083086770419477
    ],
    "precision@05": [
      0.12307692307692308,
      0.1608655091421346
    ],
    "precision@10": [
      0.1316239316239316,
      0.1453845902611313
    ],
    "precision@20": [
      0.13333333333333336,
      0.12659242088545833
    ],
    "recall@01": [
      0.005626756443749908,
      0.02028631559274039
    ],
    "recall@03": [
      0.01673912514987247,
      0.03808870571608364
    ],
    "recall@05": [
      0.024945312087131077,
      0.04221054034380351
    ],
    "recall@10": [
      0.052014737529660494,
      0.06335404264907844
    ],
    "recall@20": [
      0.10053023248700735,
      0.08459460146896379
    ],
    "relevant rank": [
      116.80073065426768,
      74.36298373863376
    ],
    "relevant rank per query": [
      3005.871794871795,
      1403.425897053603
    ]
  },
  "test_query_level_metrics": {
    "ndcg": [
      0.7584092421378943,
      0.6494425744123904,
      0.6915005976756228,
      0.7017643691982368,
      0.7544630987256021,
      0.6561420540796753,
      0.6822788224055936,
      0.7195684232175363,
      0.7669859582056625,
      0.5387524983524751,
      0.7320776909276697,
      0.6288473716148627,
      0.8188118304300941,
      0.6958317773963201,
      0.7308252813992089,
      0.6675199189707958,
      0.6924755293164424,
      0.6888540791375216,
      0.7607620843308003,
      0.6590129409769379,
      0.6436442447723587,
      0.7364299291399783,
      0.8442495264940083,
      0.7922152792026962,
      0.5779831802019534,
      0.8390928513998963,
      0.7539054532416993,
      0.6717284917992474,
      0.667746670957433,
      0.6715376297094434,
      0.6549430041008548,
      0.7183402076758831,
      0.8289206175658559,
      0.751142470931967,
      0.6532407734350266,
      0.6852956159520432,
      0.7073159352159905,
      0.6307128303129128,
      0.7074188855462819,
      0.6752111866397041,
      0.7118516661348424,
      0.6932879032335282,
      0.6966415759583608,
      0.7514454300159078,
      0.6478799782241268,
      0.6379234519300561,
      0.7172295593442458,
      0.700823462253937,
      0.6967200527451732,
      0.5925232062594494,
      0.8179937250954048,
      0.7243725035438745,
      0.6391076762902875,
      0.6494522943193749,
      0.7538174340264274,
      0.6714070599026652,
      0.7216120990862107,
      0.6786656050614498,
      0.7605482600691728,
      0.6630639636668877,
      0.6667478010322521,
      0.6973942835714497,
      0.6410782731085277,
      0.7193354557332394,
      0.6874317002184195,
      0.7652981442474711,
      0.7659086782757154,
      0.6716387360569169,
      0.6899881082123285,
      0.6666381965936194,
      0.7366407013237921,
      0.6811812009433993,
      0.6646855078951396,
      0.7427078377827542,
      0.6830361475528718,
      0.757798638648965,
      0.7135504562525373,
      0.6335948983110596,
      0.6564842473056034,
      0.7079768257923138,
      0.6341500487342937,
      0.7699714216813291,
      0.7224751767444546,
      0.5938483708599585,
      0.7528890236009594,
      0.6589669609068283,
      0.592150976129438,
      0.5699111874532152,
      0.7815755846434999,
      0.7442787093790106,
      0.687472853283012,
      0.7265129888506103,
      0.7219323211160226,
      0.6658452383131414,
      0.7334241834094054,
      0.6621571991313965,
      0.7160473461055069,
      0.6842016486246864,
      0.6261669181182413,
      0.663190121147988,
      0.6157817352040154,
      0.7304838869696874,
      0.6151128757769105,
      0.7229708898362046,
      0.6435438477691469,
      0.7140312764948019,
      0.7109754091696955,
      0.6417340762760032,
      0.6893455986186346,
      0.6490752797122487,
      0.6717429700484292,
      0.7068652382390613,
      0.6362111766611503,
      0.65684985809364,
      0.8268301493278792,
      0.7077757327707794,
      0.7159787654461296
    ],
    "precision@05": [
      0.2,
      0.0,
      0.0,
      0.0,
      0.4,
      0.0,
      0.0,
      0.2,
      0.0,
      0.0,
      0.2,
      0.4,
      0.4,
      0.4,
      0.0,
      0.0,
      0.2,
      0.2,
      0.2,
      0.0,
      0.2,
      0.0,
      0.4,
      0.0,
      0.0,
      0.6,
      0.0,
      0.0,
      0.4,
      0.0,
      0.0,
      0.0,
      0.2,
      0.2,
      0.0,
      0.0,
      0.2,
      0.0,
      0.0,
      0.0,
      0.4,
      0.2,
      0.2,
      0.4,
      0.0,
      0.0,
      0.2,
      0.0,
      0.2,
      0.0,
      0.6,
      0.2,
      0.0,
      0.0,
      0.2,
      0.0,
      0.2,
      0.0,
      0.0,
      0.0,
      0.0,
      0.0,
      0.0,
      0.4,
      0.0,
      0.2,
      0.4,
      0.4,
      0.0,
      0.0,
      0.0,
      0.0,
      0.2,
      0.2,
      0.0,
      0.4,
      0.2,
      0.0,
      0.0,
      0.0,
      0.0,
      0.4,
      0.2,
      0.2,
      0.4,
      0.2,
      0.0,
      0.0,
      0.2,
      0.2,
      0.0,
      0.4,
      0.0,
      0.0,
      0.2,
      0.0,
      0.0,
      0.0,
      0.0,
      0.0,
      0.0,
      0.4,
      0.0,
      0.0,
      0.0,
      0.2,
      0.4,
      0.0,
      0.0,
      0.0,
      0.0,
      0.2,
      0.0,
      0.0,
      0.4,
      0.2,
      0.0
    ],